Start Time;End Time
2023-11-27 08:00;2023-11-27 09:15
2023-11-27 10:20;2023-11-27 11:25
2023-11-27 13:25;2023-11-27 14:55
2023-11-28 09:15;2023-11-28 10:20
2023-11-28 11:00;2023-11-28 12:10
2023-11-28 15:00;2023-11-28 16:15
2023-11-29 09:30;2023-11-29 10:40
2023-11-29 10:50;2023-11-29 11:55
2023-11-30 09:35;2023-11-30 10:55
2023-11-30 13:10;2023-11-30 14:35
2023-12-01 08:05;2023-12-01 09:20
2023-12-01 09:30;2023-12-01 11:00
2023-12-01 11:50;2023-12-01 13:35
2023-12-01 13:50;2023-12-01 15:25
2023-12-04 08:00;2023-12-04 09:15
2023-12-04 10:20;2023-12-04 11:25
2023-12-04 13:25;2023-12-04 14:55
2023-12-05 09:15;2023-12-05 10:20
2023-12-05 11:00;2023-12-05 12:10
2023-12-05 15:00;2023-12-05 16:15
2023-12-06 09:30;2023-12-06 10:40
2023-12-06 10:50;2023-12-06 11:55
2023-12-07 09:35;2023-12-07 10:55
2023-12-07 13:10;2023-12-07 14:35
2023-12-08 08:05;2023-12-08 09:20
2023-12-08 09:30;2023-12-08 11:00
2023-12-08 11:50;2023-12-08 13:35
2023-12-08 13:50;2023-12-08 15:25
2023-12-11 08:00;2023-12-11 09:15
2023-12-11 10:20;2023-12-11 11:25
2023-12-11 13:25;2023-12-11 14:55
2023-12-12 09:15;2023-12-12 10:20
2023-12-12 11:00;2023-12-12 12:10
2023-12-12 15:00;2023-12-12 16:15
2023-12-13 09:30;2023-12-13 10:40
2023-12-13 10:50;2023-12-13 11:55
2023-12-14 13:10;2023-12-14 14:35
2023-12-15 08:05;2023-12-15 09:20
2023-12-15 09:30;2023-12-15 11:00
2023-12-15 11:50;2023-12-15 13:35
2023-12-15 13:50;2023-12-15 15:25
2023-12-18 08:00;2023-12-18 09:15
2023-12-18 10:20;2023-12-18 11:25
2023-12-18 12:05;2023-12-18 13:20
2023-12-18 13:25;2023-12-18 14:55
2023-12-19 08:00;2023-12-19 09:00
2023-12-19 09:15;2023-12-19 10:20
2023-12-19 11:00;2023-12-19 12:10
2023-12-19 13:30;2023-12-19 15:00
2023-12-19 15:00;2023-12-19 16:15
2023-12-20 09:30;2023-12-20 10:40
2023-12-20 10:50;2023-12-20 11:55
